blue ball pen,black gel pen,scale,notebook,
crayons,sketchpen,blue ball pen,drawing book,
drawing book,black gel pen,,,
notebook,pencil,rubber,blue ball pen,black gel pen
pencil,rubber,notebook,,
drawing book,crayons,notebook,,
scale,notebook,blue ball pen,,
sketch pen,crayons,,,
drawing book,blue ball pen,scale,,
drawing book,crayons,blue ball pen,,
black gel pen,,,,
sketchpen,notebook,rubber,,
black gel pen,pencil,notebook,,
pencil,drawing book,notebook,,
rubber,scale,blue ball pen,drawing book,
crayons,sketch pen,,,
notebook,blue ball pen,,,
crayons,,,,
